motif_name	motif_sequence	chromosome	start	end	allele1	allele2	confidence	conf_allele1	conf_allele2	quality_reads	one_primer_reads	filtered_reads	conf_background	conf_background_all	conf_extended	conf_extended_all
NC_000023.11:g.2907120_2907143AAAG[6]	AAAG[6]	NC_000023.11	2907120	2907144	6	6	0.9998801998662615	0.9999014673569456	0.9999787325093155	18	1	1	3.3696733115187045e-16	3.3696733115187045e-16	1.654481092711954e-75	3.79015011130651e-06
NC_000023.11:g.2876034_2876061T[28]	T[28]	NC_000023.11	2876034	2876062	B	B	1.0	1.0	1.0	29	0	2	1.0	1.0	1.4897466650029569e-91	8.170324312684893e-52
NC_000023.11:g.2811500_2811510A[11]	A[11]	NC_000023.11	2811500	2811511	11	12	1.0	1.0	1.0	119	11	1	1.3938895660503653e-72	1.3938895660503653e-72	0.0	2.968313102241179e-76
